adm1_name,adm1_pcode,adm2_name,adm2_pcode,adm3_name,adm3_pcode,lat,lon
Azad Kashmir,PK1,Bagh,PK101,Bagh,PK10101,33.98517585,73.85907264
Azad Kashmir,PK1,Bagh,PK101,Dhir Kot,PK10102,34.02167141,73.59663068
Azad Kashmir,PK1,Bagh,PK101,Harighel,PK10103,33.97990908,73.721548
Azad Kashmir,PK1,Bhimber,PK102,Barnala,PK10201,32.9054593,74.27445916
Azad Kashmir,PK1,Bhimber,PK102,Bhimber,PK10202,33.04092458,73.96696686
Azad Kashmir,PK1,Bhimber,PK102,Samahni,PK10203,33.13457994,74.04790823
Azad Kashmir,PK1,Jhelum Valley,PK103,Chikar,PK10301,34.1346823,73.68405714
Azad Kashmir,PK1,Jhelum Valley,PK103,Hattian,PK10302,34.15092867,73.82183474
Azad Kashmir,PK1,Jhelum Valley,PK103,Leepa,PK10303,34.302867,73.84498995
Azad Kashmir,PK1,Haveli,PK104,Haveli,PK10401,33.93709736,74.09512656
Azad Kashmir,PK1,Haveli,PK104,Khurshid Abad,PK10402,33.96322327,74.19597508
Azad Kashmir,PK1,Haveli,PK104,Mumtazabad,PK10403,33.91860832,74.01765773
Azad Kashmir,PK1,Kotli,PK105,Charhoi,PK10501,33.35044465,73.91685822
Azad Kashmir,PK1,Kotli,PK105,Dulliya Jattan,PK10502,33.31591244,73.83763661
Azad Kashmir,PK1,Kotli,PK105,Fatehpur Thakiala,PK10503,33.48203772,74.11811434
Azad Kashmir,PK1,Kotli,PK105,Khui Ratta,PK10504,33.34727475,74.08413023
Azad Kashmir,PK1,Kotli,PK105,Kotli,PK10505,33.50150509,73.93278668
Azad Kashmir,PK1,Kotli,PK105,Sehnsa,PK10506,33.54507743,73.70076503
Azad Kashmir,PK1,Mirpur,PK106,Dadyal,PK10601,33.35038118,73.6742283
Azad Kashmir,PK1,Mirpur,PK106,Mirpur,PK10602,33.1799092,73.79321258
Azad Kashmir,PK1,Muzaffarabad,PK107,Muzaffarabad,PK10701,34.26404049,73.60983474
Azad Kashmir,PK1,Muzaffarabad,PK107,Naseerabad,PK10702,34.43931061,73.61505652
Azad Kashmir,PK1,Neelum,PK108,Athmuqam,PK10801,34.65357872,73.80255372
Azad Kashmir,PK1,Neelum,PK108,Sharda,PK10802,34.90621948,74.30961799
Azad Kashmir,PK1,Poonch,PK109,Abbaspur,PK10901,33.84343396,73.97914732
Azad Kashmir,PK1,Poonch,PK109,Hajira,PK10902,33.72486623,73.92029868
Azad Kashmir,PK1,Poonch,PK109,Rawalakot,PK10903,33.87308742,73.77643204
Azad Kashmir,PK1,Poonch,PK109,Thorar,PK10904,33.87977442,73.60688891
Azad Kashmir,PK1,Sudhnoti,PK110,Baluch,PK11001,33.66861879,73.84783082
Azad Kashmir,PK1,Sudhnoti,PK110,Mong,PK11002,33.78694137,73.62274723
Azad Kashmir,PK1,Sudhnoti,PK110,Pallandari,PK11003,33.68633529,73.67252498
Azad Kashmir,PK1,Sudhnoti,PK110,Tarar Khal,PK11004,33.74057173,73.77894182
Balochistan,PK2,Awaran,PK201,Awaran,PK20101,26.34404505,64.84096935
Balochistan,PK2,Awaran,PK201,Jhal Jhao,PK20102,26.31200793,65.65325296
Balochistan,PK2,Awaran,PK201,Mashkai,PK20103,26.97029833,65.59145799
Balochistan,PK2,Awaran,PK201,Gishekore,PK20104,25.83047059,64.74878323
Balochistan,PK2,Barkhan,PK202,Barkhan,PK20201,29.98520647,69.63058913
Balochistan,PK2,Barkhan,PK202,Rakhni,PK20202,30.00950054,69.8614805
Balochistan,PK2,Chagai,PK203,Dalbandin,PK20301,28.89895465,64.32105505
Balochistan,PK2,Chagai,PK203,Nokkundi,PK20302,28.68475457,62.92650894
Balochistan,PK2,Chagai,PK203,Taftan,PK20303,29.13842964,61.77968354
Balochistan,PK2,Chagai,PK203,Chagai,PK20304,29.33041012,64.78278677
Balochistan,PK2,Dera Bugti,PK204,Dera Bugti,PK20401,29.01127663,68.81577836
Balochistan,PK2,Dera Bugti,PK204,Phelawagh,PK20402,29.34400613,69.4653909
Balochistan,PK2,Dera Bugti,PK204,Sui,PK20403,28.74118222,68.97658904
Balochistan,PK2,Gwadar,PK205,Gwadar,PK20501,25.32375218,62.28214168
Balochistan,PK2,Gwadar,PK205,Jiwani,PK20502,25.14237803,61.83770337
Balochistan,PK2,Gwadar,PK205,Ormara,PK20503,25.3791452,64.69725455
Balochistan,PK2,Gwadar,PK205,Pasni,PK20504,25.40624187,63.03448619
Balochistan,PK2,Gwadar,PK205,Sunster,PK20505,25.5244497,61.86234965
Balochistan,PK2,Harnai,PK206,Harnai,PK20601,29.99804499,68.1996307
Balochistan,PK2,Harnai,PK206,Shahrigh,PK20602,30.20513948,67.58417753
Balochistan,PK2,Jaffarabad,PK207,Gandakha,PK20701,28.07076795,67.7496685
Balochistan,PK2,Jaffarabad,PK207,Jhat Pat,PK20702,28.39208735,68.24739834
Balochistan,PK2,Jaffarabad,PK207,Usta Mohammad,PK20703,28.1379267,67.95675451
Balochistan,PK2,Jhal Magsi,PK208,Gandawa,PK20801,28.50228281,67.64708513
Balochistan,PK2,Jhal Magsi,PK208,Jhal Magsi,PK20802,28.21413093,67.51299284
Balochistan,PK2,Kachhi,PK209,Dhadar,PK20901,29.48358875,67.62551875
Balochistan,PK2,Kachhi,PK209,Mach,PK20902,29.70214989,67.40068434
Balochistan,PK2,Kachhi,PK209,Sanni,PK20903,29.02268389,67.50128206
Balochistan,PK2,Kachhi,PK209,Balanari,PK20904,29.27763653,67.84053953
Balochistan,PK2,Kachhi,PK209,Khattan,PK20905,29.20025678,67.67237936
Balochistan,PK2,Kalat,PK210,Kalat,PK21001,29.04165437,66.76137633
Balochistan,PK2,Kalat,PK210,Khaliqabad,PK21002,29.43553245,66.60807504
Balochistan,PK2,Kech,PK211,Buleda,PK21101,26.41358943,63.07679624
Balochistan,PK2,Kech,PK211,Dasht,PK21102,25.70883416,62.61547125
Balochistan,PK2,Kech,PK211,Kech (Turbat),PK21103,25.83963767,63.63912987
Balochistan,PK2,Kech,PK211,Mand,PK21104,26.0261942,61.96107916
Balochistan,PK2,Kech,PK211,Tump,PK21105,26.24285388,62.40821539
Balochistan,PK2,Kharan,PK212,Kharan,PK21201,28.90973868,65.69153516
Balochistan,PK2,Kharan,PK212,Sar Kharan,PK21202,28.3995427,65.60853743
Balochistan,PK2,Kharan,PK212,Tomulk,PK21203,28.62652904,65.18395433
Balochistan,PK2,Khuzdar,PK213,Khuzdar,PK21301,27.63260912,66.63078328
Balochistan,PK2,Khuzdar,PK213,Mola,PK21302,28.01871126,67.05099611
Balochistan,PK2,Khuzdar,PK213,Naal,PK21303,27.10649807,66.21896863
Balochistan,PK2,Khuzdar,PK213,Wadh,PK21304,26.64820135,66.70045498
Balochistan,PK2,Khuzdar,PK213,Zehri,PK21305,28.58276627,66.91963022
Balochistan,PK2,Killa Abdullah,PK214,Dobandi,PK21402,31.11628248,67.02418538
Balochistan,PK2,Killa Abdullah,PK214,Gulistan,PK21403,30.29003257,66.41864056
Balochistan,PK2,Killa Abdullah,PK214,Killa Abdullah,PK21404,30.71669335,66.70220163
Balochistan,PK2,Killa Saifullah,PK215,Killa Saifullah,PK21501,31.05339652,68.70129494
Balochistan,PK2,Killa Saifullah,PK215,Muslim Bagh,PK21502,31.00227356,67.91908499
Balochistan,PK2,Kohlu,PK216,Kahan,PK21601,29.46431238,68.8063717
Balochistan,PK2,Kohlu,PK216,Kohlu,PK21602,29.8985614,69.17771998
Balochistan,PK2,Kohlu,PK216,Mawand,PK21603,29.75230493,68.79940636
Balochistan,PK2,Lasbela,PK217,Bela,PK21701,26.24877342,66.38964499
Balochistan,PK2,Lasbela,PK217,Dureji,PK21702,25.98610264,67.26453583
Balochistan,PK2,Lasbela,PK217,Gaddani,PK21703,25.06402941,66.80056676
Balochistan,PK2,Lasbela,PK217,Hub,PK21704,25.20395504,66.97178355
Balochistan,PK2,Lasbela,PK217,Kanraj,PK21705,26.10461979,66.83499296
Balochistan,PK2,Lasbela,PK217,Sonmiani,PK21706,25.41630363,66.77933173
Balochistan,PK2,Lasbela,PK217,Uthal,PK21707,25.85750025,66.65561499
Balochistan,PK2,Lasbela,PK217,Lakhra,PK21708,25.87180777,66.34046026
Balochistan,PK2,Lasbela,PK217,Lairi,PK21709,25.53882294,65.37522533
Balochistan,PK2,Lehri,PK218,Bhag,PK21801,28.87688897,67.84540472
Balochistan,PK2,Lehri,PK218,Lehri,PK21802,29.04026009,68.14956305
Balochistan,PK2,Loralai,PK219,Loralai,PK21901,30.46214066,68.62006551
Balochistan,PK2,Loralai,PK219,Mekhtar,PK21902,30.51602367,69.21965662
Balochistan,PK2,Mastung,PK220,Dasht Spenzend,PK22001,29.70382558,67.047336
Balochistan,PK2,Mastung,PK220,Kirdgap,PK22002,29.60480822,66.40657492
Balochistan,PK2,Mastung,PK220,Mastung,PK22003,29.79922778,66.73695767
Balochistan,PK2,Musakhel,PK221,Drug,PK22101,31.11894197,70.20323631
Balochistan,PK2,Musakhel,PK221,Kingri,PK22102,30.63658054,69.80419254
Balochistan,PK2,Musakhel,PK221,Musakhel,PK22103,31.06979049,69.90310403
Balochistan,PK2,Nasirabad,PK222,Chattar,PK22201,28.8161974,68.3202677
Balochistan,PK2,Nasirabad,PK222,Dera Murad Jamali,PK22202,28.62269511,68.11273714
Balochistan,PK2,Nasirabad,PK222,Tamboo,PK22203,28.49312816,67.90320253
Balochistan,PK2,Nushki,PK223,Nushki,PK22301,29.44681298,65.73250908
Balochistan,PK2,Panjgur,PK224,Gowargo,PK22401,26.7559997,64.04276039
Balochistan,PK2,Panjgur,PK224,Jaheen Parome,PK22402,26.54349794,63.54361137
Balochistan,PK2,Panjgur,PK224,Panjgur,PK22403,27.04336755,63.83687731
Balochistan,PK2,Panjgur,PK224,Gichk,PK22404,26.75743741,64.86121276
Balochistan,PK2,Pishin,PK225,Barshore,PK22501,31.00282138,67.43486696
Balochistan,PK2,Pishin,PK225,Huramzai,PK22502,30.83919972,66.89942862
Balochistan,PK2,Pishin,PK225,Karezat,PK22503,30.60433231,67.38340537
Balochistan,PK2,Pishin,PK225,Pishin,PK22504,30.73286469,67.06614824
Balochistan,PK2,Pishin,PK225,Saranan,PK22505,30.4621584,66.71317402
Balochistan,PK2,Quetta,PK226,Panjpai,PK22601,30.01540571,66.4609339
Balochistan,PK2,Quetta,PK226,Quetta City,PK22602,30.08223315,67.14992795
Balochistan,PK2,Quetta,PK226,Quetta Saddar,PK22603,30.24908337,67.10014843
Balochistan,PK2,Sherani,PK227,Sherani,PK22701,31.68090077,69.76356767
Balochistan,PK2,Sibi,PK228,Sibi,PK22801,29.72774177,68.25082253
Balochistan,PK2,Sohbatpur,PK229,Sohbatpur,PK22901,28.54195553,68.52141184
Balochistan,PK2,Washuk,PK230,Mashkhel,PK23001,27.76724743,63.33909532
Balochistan,PK2,Washuk,PK230,Basima,PK23002,27.98409463,65.73830464
Balochistan,PK2,Washuk,PK230,Washuk,PK23003,27.6667136,64.37765593
Balochistan,PK2,Washuk,PK230,Nag,PK23004,27.49829582,65.24406463
Balochistan,PK2,Washuk,PK230,Shaogari,PK23005,28.34499088,64.3415633
Balochistan,PK2,Zhob,PK231,Kakar Khurasan,PK23101,31.46484233,68.42030784
Balochistan,PK2,Zhob,PK231,Zhob,PK23102,31.21163787,69.34438754
Balochistan,PK2,Ziarat,PK232,Sinjawi,PK23201,30.35340432,68.18077031
Balochistan,PK2,Ziarat,PK232,Ziarat,PK23202,30.43699186,67.48280744
Balochistan,PK2,Shaheed Sikandarabad,PK233,Surab,PK23301,28.32719456,66.18001042
Balochistan,PK2,Duki,PK234,Duki,PK23401,30.1811,68.95959024
Balochistan,PK2,Chaman,PK235,Chaman,PK23501,30.85581564,66.52685195
Gilgit Baltistan,PK3,Astore,PK301,Astore,PK30101,35.54845198,74.77349355
Gilgit Baltistan,PK3,Astore,PK301,Shounter,PK30102,34.99670219,74.898455
Gilgit Baltistan,PK3,Diamir,PK302,Chilas,PK30201,35.37959086,74.21341466
Gilgit Baltistan,PK3,Ghanche,PK303,Daghoni,PK30301,35.32462868,76.12725405
Gilgit Baltistan,PK3,Ghanche,PK303,Khaplu,PK30302,35.00371217,76.68210098
Gilgit Baltistan,PK3,Ghanche,PK303,Mashabbrum,PK30303,35.32025149,76.92004962
Gilgit Baltistan,PK3,Ghizer,PK304,Ishkoman,PK30401,36.56955755,73.8723755
Gilgit Baltistan,PK3,Ghizer,PK304,Punial,PK30402,36.10389204,73.87357295
Gilgit Baltistan,PK3,Gilgit,PK305,Gilgit,PK30501,35.96682929,74.50875764
Gilgit Baltistan,PK3,Hunza,PK306,Ali Abad,PK30601,36.37956161,74.6817464
Gilgit Baltistan,PK3,Hunza,PK306,Gojal,PK30602,36.55148578,75.20522182
Gilgit Baltistan,PK3,Skardu,PK307,Gamba,PK30701,35.24789211,75.33425534
Gilgit Baltistan,PK3,Skardu,PK307,Skardu,PK30702,35.2777908,75.66491922
Gilgit Baltistan,PK3,Nagar,PK308,Nagar,PK30801,36.16528336,74.90946185
Gilgit Baltistan,PK3,Nagar,PK308,Sikandar Abad,PK30802,36.33323668,74.26288895
Gilgit Baltistan,PK3,Kharmang,PK309,Gultari,PK30901,34.80639936,75.52688323
Gilgit Baltistan,PK3,Kharmang,PK309,Kharmang,PK30902,34.89843311,76.09792699
Gilgit Baltistan,PK3,Shigar,PK310,Shigar,PK31001,35.73634155,75.92160108
Gilgit Baltistan,PK3,Darel,PK311,Darel,PK31101,35.69912193,73.82870134
Gilgit Baltistan,PK3,Tangir,PK312,Tangir,PK31201,35.74509055,73.31614423
Gilgit Baltistan,PK3,Gupis-Yasin,PK313,Gupis,PK31301,36.14422093,73.34891405
Gilgit Baltistan,PK3,Gupis-Yasin,PK313,Phandar,PK31302,36.1660129,72.80451854
Gilgit Baltistan,PK3,Gupis-Yasin,PK313,Yasin,PK31303,36.50137812,73.30845797
Gilgit Baltistan,PK3,Rondu,PK314,Rondu,PK31401,35.58728773,75.15829268
Islamabad,PK4,Islamabad,PK401,Islamabad,PK40101,33.65087509,72.95796258
Khyber Pakhtunkhwa,PK5,Abbottabad,PK501,Abbottabad,PK50101,34.16486523,73.31545675
Khyber Pakhtunkhwa,PK5,Abbottabad,PK501,Havelian,PK50102,34.009315,73.22610354
Khyber Pakhtunkhwa,PK5,Abbottabad,PK501,Lora,PK50103,33.92190557,73.30795708
Khyber Pakhtunkhwa,PK5,Abbottabad,PK501,Lower Tanawal,PK50104,34.1937,73.09047724
Khyber Pakhtunkhwa,PK5,Bajaur,PK502,Bar Chamarkand,PK50201,34.72926733,71.19910072
Khyber Pakhtunkhwa,PK5,Bajaur,PK502,Barang,PK50202,34.61451531,71.60569961
Khyber Pakhtunkhwa,PK5,Bajaur,PK502,Khar,PK50203,34.73338111,71.52771118
Khyber Pakhtunkhwa,PK5,Bajaur,PK502,Mamund,PK50204,34.82382144,71.38179119
Khyber Pakhtunkhwa,PK5,Bajaur,PK502,Nawagai,PK50205,34.72609367,71.29088189
Khyber Pakhtunkhwa,PK5,Bajaur,PK502,Salarzai,PK50206,34.87326434,71.52927152
Khyber Pakhtunkhwa,PK5,Bajaur,PK502,Utman Khel,PK50207,34.73902527,71.69955532
Khyber Pakhtunkhwa,PK5,Bannu,PK503,Bannu,PK50301,32.92467555,70.68168247
Khyber Pakhtunkhwa,PK5,Bannu,PK503,Baka Khel,PK50302,32.86789696,70.46706759
Khyber Pakhtunkhwa,PK5,Bannu,PK503,Domel,PK50303,32.9723605,70.81087553
Khyber Pakhtunkhwa,PK5,Bannu,PK503,Kakki,PK50304,32.85319483,70.67325824
Khyber Pakhtunkhwa,PK5,Bannu,PK503,Miryan,PK50305,32.89909734,70.5747891
Khyber Pakhtunkhwa,PK5,Bannu,PK503,Wazir,PK50306,32.99656158,70.44168023
Khyber Pakhtunkhwa,PK5,Batagram,PK504,Allai,PK50401,34.81135905,73.20084836
Khyber Pakhtunkhwa,PK5,Batagram,PK504,Batagram,PK50402,34.68143107,73.03246093
Khyber Pakhtunkhwa,PK5,Buner,PK505,Daggar,PK50501,34.55982689,72.3819043
Khyber Pakhtunkhwa,PK5,Buner,PK505,Gagra,PK50502,34.53161813,72.62777138
Khyber Pakhtunkhwa,PK5,Buner,PK505,Khado Khel,PK50503,34.25276775,72.52967992
Khyber Pakhtunkhwa,PK5,Buner,PK505,Mandanr,PK50504,34.3817079,72.58673587
Khyber Pakhtunkhwa,PK5,Charsadda,PK506,Charsadda,PK50601,34.16488465,71.80173095
Khyber Pakhtunkhwa,PK5,Charsadda,PK506,Shabqadar,PK50602,34.22972894,71.57709615
Khyber Pakhtunkhwa,PK5,Charsadda,PK506,Tangi,PK50603,34.34695664,71.70529108
Khyber Pakhtunkhwa,PK5,Chitral Lower,PK507,Chitral,PK50701,35.76077229,71.72228169
Khyber Pakhtunkhwa,PK5,Chitral Lower,PK507,Drosh,PK50702,35.50448561,71.75359744
Khyber Pakhtunkhwa,PK5,Chitral Lower,PK507,Lotkoh,PK50703,36.14969543,71.58981404
Khyber Pakhtunkhwa,PK5,Chitral Upper,PK508,Mastuj,PK50801,36.32710201,72.63010692
Khyber Pakhtunkhwa,PK5,Chitral Upper,PK508,Mulkhow,PK50802,36.46304021,72.21140174
Khyber Pakhtunkhwa,PK5,D. I. Khan,PK509,D. I. Khan,PK50901,31.96766913,70.79320716
Khyber Pakhtunkhwa,PK5,D. I. Khan,PK509,Daraban,PK50902,31.64359788,70.44497205
Khyber Pakhtunkhwa,PK5,D. I. Khan,PK509,Kulachi,PK50903,32.00884258,70.40397788
Khyber Pakhtunkhwa,PK5,D. I. Khan,PK509,Paharpur,PK50904,32.23873114,70.96043575
Khyber Pakhtunkhwa,PK5,D. I. Khan,PK509,Paroa,PK50905,31.49326589,70.73542927
Khyber Pakhtunkhwa,PK5,D. I. Khan,PK509,Darazinda,PK50906,31.53273392,70.13458833
Khyber Pakhtunkhwa,PK5,Hangu,PK510,Hangu,PK51001,33.4817692,71.02180393
Khyber Pakhtunkhwa,PK5,Hangu,PK510,Tall,PK51002,33.38568306,70.67247883
Khyber Pakhtunkhwa,PK5,Haripur,PK511,Ghazi,PK51101,34.11266212,72.79143877
Khyber Pakhtunkhwa,PK5,Haripur,PK511,Haripur,PK51102,34.070255,72.96073416
Khyber Pakhtunkhwa,PK5,Haripur,PK511,Khanpur,PK51103,33.82495011,73.03749898
Khyber Pakhtunkhwa,PK5,Karak,PK512,Banda Daud Shah,PK51201,33.26349,71.10498425
Khyber Pakhtunkhwa,PK5,Karak,PK512,Karak,PK51202,33.13283539,71.22188165
Khyber Pakhtunkhwa,PK5,Karak,PK512,Takht-E-Nasrati,PK51203,32.95958548,71.05248929
Khyber Pakhtunkhwa,PK5,Khyber,PK513,Bara,PK51301,33.86095748,70.97196124
Khyber Pakhtunkhwa,PK5,Khyber,PK513,Jamrud,PK51302,33.990863,71.30494378
Khyber Pakhtunkhwa,PK5,Khyber,PK513,Landi Kotal,PK51303,34.13125614,71.17285605
Khyber Pakhtunkhwa,PK5,Khyber,PK513,Mulagori,PK51304,34.11758647,71.31314734
Khyber Pakhtunkhwa,PK5,Kohat,PK514,Kohat,PK51401,33.56672292,71.40429963
Khyber Pakhtunkhwa,PK5,Kohat,PK514,Lachi,PK51402,33.28434421,71.5764789
Khyber Pakhtunkhwa,PK5,Kohat,PK514,Gumbat,PK51403,33.56050491,71.82863144
Khyber Pakhtunkhwa,PK5,Kohat,PK514,Darra Adam Khel,PK51404,33.65275416,71.62073439
Khyber Pakhtunkhwa,PK5,Kohistan Lower,PK515,Pattan,PK51501,35.18294511,73.02928737
Khyber Pakhtunkhwa,PK5,Kohistan Lower,PK515,Bankad,PK51502,35.11858126,72.85175687
Khyber Pakhtunkhwa,PK5,Kohistan Upper,PK516,Dassu,PK51601,35.24032222,73.49466447
Khyber Pakhtunkhwa,PK5,Kohistan Upper,PK516,Kandia,PK51602,35.55349877,73.11617977
Khyber Pakhtunkhwa,PK5,Kohistan Upper,PK516,Harban Basha,PK51603,35.41723229,73.57421206
Khyber Pakhtunkhwa,PK5,Kohistan Upper,PK516,Seo,PK51604,35.33981573,73.1650335
Khyber Pakhtunkhwa,PK5,Kolai Palas Kohistan,PK517,Palas,PK51701,35.06742567,73.1789703
Khyber Pakhtunkhwa,PK5,Kolai Palas Kohistan,PK517,Battera Kolai,PK51702,34.99204453,72.96794375
Khyber Pakhtunkhwa,PK5,Kurram,PK518,Central Kurram,PK51801,33.6973137,70.49170439
Khyber Pakhtunkhwa,PK5,Kurram,PK518,Lower Kurram,PK51802,33.57292743,70.27626965
Khyber Pakhtunkhwa,PK5,Kurram,PK518,Upper Kurram,PK51803,33.84989669,70.09168116
Khyber Pakhtunkhwa,PK5,Lakki Marwat,PK519,Lakki Marwat,PK51901,32.53804588,70.90644188
Khyber Pakhtunkhwa,PK5,Lakki Marwat,PK519,Sarai Naurang,PK51902,32.74663463,70.72966942
Khyber Pakhtunkhwa,PK5,Lakki Marwat,PK519,Bettani,PK51903,32.65226973,70.3728002
Khyber Pakhtunkhwa,PK5,Lower Dir,PK520,Adenzai,PK52001,34.74036487,72.03641314
Khyber Pakhtunkhwa,PK5,Lower Dir,PK520,Balambat,PK52002,34.8927893,71.86590045
Khyber Pakhtunkhwa,PK5,Lower Dir,PK520,Lalqila,PK52003,34.98099392,71.81480096
Khyber Pakhtunkhwa,PK5,Lower Dir,PK520,Munda,PK52004,34.82219923,71.70224028
Khyber Pakhtunkhwa,PK5,Lower Dir,PK520,Samarbagh,PK52005,34.94552071,71.64675993
Khyber Pakhtunkhwa,PK5,Lower Dir,PK520,Timergara,PK52006,34.75107002,71.86991628
Khyber Pakhtunkhwa,PK5,Malakand,PK521,Bat Khela,PK52101,34.5578804,71.93927118
Khyber Pakhtunkhwa,PK5,Malakand,PK521,Dargai,PK52102,34.446365,71.85837116
Khyber Pakhtunkhwa,PK5,Mansehra,PK522,Bala Kot,PK52201,34.75263264,73.53946411
Khyber Pakhtunkhwa,PK5,Mansehra,PK522,Mansehra,PK52202,34.44228936,73.14579497
Khyber Pakhtunkhwa,PK5,Mansehra,PK522,Oghi,PK52203,34.45501311,72.99278
Khyber Pakhtunkhwa,PK5,Mansehra,PK522,Baffa Pakhal,PK52204,34.55577961,73.25360868
Khyber Pakhtunkhwa,PK5,Mansehra,PK522,Darband,PK52205,34.36885281,72.86959213
Khyber Pakhtunkhwa,PK5,Mardan,PK523,Katlang,PK52301,34.41132148,72.11815124
Khyber Pakhtunkhwa,PK5,Mardan,PK523,Mardan,PK52302,34.19085511,72.0004913
Khyber Pakhtunkhwa,PK5,Mardan,PK523,Takht Bhai,PK52303,34.34529238,71.91047682
Khyber Pakhtunkhwa,PK5,Mardan,PK523,Rustam,PK52304,34.34408741,72.25753163
Khyber Pakhtunkhwa,PK5,Mardan,PK523,Garhi Kapura,PK52305,34.1857812,72.13410476
Khyber Pakhtunkhwa,PK5,Mohmand,PK524,Ambar,PK52401,34.5909796,71.46659419
Khyber Pakhtunkhwa,PK5,Mohmand,PK524,Baizai,PK52402,34.53832783,71.10362522
Khyber Pakhtunkhwa,PK5,Mohmand,PK524,Halimzai,PK52403,34.39641004,71.32185408
Khyber Pakhtunkhwa,PK5,Mohmand,PK524,Khwazai,PK52404,34.40298409,71.18056839
Khyber Pakhtunkhwa,PK5,Mohmand,PK524,Pandiali,PK52405,34.44978483,71.44653291
Khyber Pakhtunkhwa,PK5,Mohmand,PK524,Prang Ghar,PK52406,34.43702925,71.59642881
Khyber Pakhtunkhwa,PK5,Mohmand,PK524,Safi,PK52407,34.56830813,71.23720703
Khyber Pakhtunkhwa,PK5,Mohmand,PK524,Yaka Ghund,PK52408,34.26083513,71.39265007
Khyber Pakhtunkhwa,PK5,North Waziristan,PK525,Data Khel,PK52501,32.96649721,69.70782369
Khyber Pakhtunkhwa,PK5,North Waziristan,PK525,Dossali,PK52502,32.8355538,70.02432967
Khyber Pakhtunkhwa,PK5,North Waziristan,PK525,Garyum,PK52503,32.75991774,70.08890287
Khyber Pakhtunkhwa,PK5,North Waziristan,PK525,Ghulam Khan,PK52504,33.12285279,70.01625744
Khyber Pakhtunkhwa,PK5,North Waziristan,PK525,Mir Ali,PK52505,32.97157724,70.26131349
Khyber Pakhtunkhwa,PK5,North Waziristan,PK525,Miran Shah,PK52506,32.99793077,70.02198654
Khyber Pakhtunkhwa,PK5,North Waziristan,PK525,Razmak,PK52507,32.73063399,69.84709466
Khyber Pakhtunkhwa,PK5,North Waziristan,PK525,Shewa,PK52508,33.25297628,70.46934069
Khyber Pakhtunkhwa,PK5,North Waziristan,PK525,Spinwam,PK52509,33.16357445,70.30472721
Khyber Pakhtunkhwa,PK5,North Waziristan,PK525,Shawal,PK52510,32.70018535,69.55492832
Khyber Pakhtunkhwa,PK5,Nowshera,PK526,Nowshera,PK52601,33.97631056,71.95997423
Khyber Pakhtunkhwa,PK5,Nowshera,PK526,Pabbi,PK52602,33.93925505,71.8183382
Khyber Pakhtunkhwa,PK5,Nowshera,PK526,Jehangira,PK52603,33.89347133,72.16337681
Khyber Pakhtunkhwa,PK5,Orakzai,PK527,Central Orakzai,PK52701,33.68833406,70.96504337
Khyber Pakhtunkhwa,PK5,Orakzai,PK527,Ismailzai,PK52702,33.60650642,70.92919496
Khyber Pakhtunkhwa,PK5,Orakzai,PK527,Lower Orakzai,PK52703,33.73349174,71.26824181
Khyber Pakhtunkhwa,PK5,Orakzai,PK527,Upper Orakzai,PK52704,33.69025861,70.70636619
Khyber Pakhtunkhwa,PK5,Peshawar,PK528,Town-I,PK52801,34.01342255,71.59385952
Khyber Pakhtunkhwa,PK5,Peshawar,PK528,Town-Ii,PK52802,34.09988882,71.54731219
Khyber Pakhtunkhwa,PK5,Peshawar,PK528,Town-Iii,PK52803,34.00304789,71.46889502
Khyber Pakhtunkhwa,PK5,Peshawar,PK528,Town-Iv,PK52804,33.87408341,71.60565881
Khyber Pakhtunkhwa,PK5,Peshawar,PK528,Hassan Khel,PK52805,33.75371552,71.7499684
Khyber Pakhtunkhwa,PK5,Shangla,PK529,Alpuri,PK52901,34.9548394,72.69475665
Khyber Pakhtunkhwa,PK5,Shangla,PK529,Bisham,PK52902,34.87309498,72.85566203
Khyber Pakhtunkhwa,PK5,Shangla,PK529,Chakisar,PK52903,34.78913785,72.77731929
Khyber Pakhtunkhwa,PK5,Shangla,PK529,Makhuzai,PK52904,34.69259923,72.58590712
Khyber Pakhtunkhwa,PK5,Shangla,PK529,Martoong,PK52905,34.63518499,72.74545789
Khyber Pakhtunkhwa,PK5,Shangla,PK529,Puran,PK52906,34.74219529,72.64929316
Khyber Pakhtunkhwa,PK5,South Waziristan,PK530,Birmal,PK53001,32.40493432,69.38523
Khyber Pakhtunkhwa,PK5,South Waziristan,PK530,Ladha,PK53002,32.62256241,70.06082832
Khyber Pakhtunkhwa,PK5,South Waziristan,PK530,Makin,PK53003,32.66035267,69.72749149
Khyber Pakhtunkhwa,PK5,South Waziristan,PK530,Sararogha,PK53004,32.4591633,70.0128441
Khyber Pakhtunkhwa,PK5,South Waziristan,PK530,Serwakai,PK53005,32.34354679,69.91015219
Khyber Pakhtunkhwa,PK5,South Waziristan,PK530,Tiarza,PK53006,32.43242817,69.74629721
Khyber Pakhtunkhwa,PK5,South Waziristan,PK530,Toi Khulla,PK53007,32.04048538,69.46773493
Khyber Pakhtunkhwa,PK5,South Waziristan,PK530,Wana,PK53008,32.13042288,69.69068245
Khyber Pakhtunkhwa,PK5,Swabi,PK531,Lahor,PK53101,34.01443749,72.33594078
Khyber Pakhtunkhwa,PK5,Swabi,PK531,Swabi,PK53102,34.09405621,72.50565393
Khyber Pakhtunkhwa,PK5,Swabi,PK531,Topi,PK53103,34.15019864,72.69655761
Khyber Pakhtunkhwa,PK5,Swabi,PK531,Razar,PK53104,34.22594003,72.32311713
Khyber Pakhtunkhwa,PK5,Swat,PK532,Babuzai,PK53201,34.71946132,72.41882648
Khyber Pakhtunkhwa,PK5,Swat,PK532,Bahrain,PK53202,35.27299556,72.52524183
Khyber Pakhtunkhwa,PK5,Swat,PK532,Barikot,PK53203,34.67749375,72.20671348
Khyber Pakhtunkhwa,PK5,Swat,PK532,Charbagh,PK53204,34.84273252,72.51258464
Khyber Pakhtunkhwa,PK5,Swat,PK532,Kabal,PK53205,34.86106628,72.26728338
Khyber Pakhtunkhwa,PK5,Swat,PK532,Kalam,PK53206,35.62414436,72.50968341
Khyber Pakhtunkhwa,PK5,Swat,PK532,Khwaza Khela,PK53207,35.00218421,72.5202682
Khyber Pakhtunkhwa,PK5,Swat,PK532,Matta Kharirai,PK53208,35.04787094,72.41360311
Khyber Pakhtunkhwa,PK5,Swat,PK532,Matta Sebujni,PK53209,35.03142224,72.27015956
Khyber Pakhtunkhwa,PK5,Tank,PK533,Tank,PK53301,32.25652055,70.40881225
Khyber Pakhtunkhwa,PK5,Tank,PK533,Jandola,PK53302,32.42788363,70.25692673
Khyber Pakhtunkhwa,PK5,Tor Ghar,PK534,Judba,PK53401,34.6512377,72.85258143
Khyber Pakhtunkhwa,PK5,Tor Ghar,PK534,Khander,PK53402,34.46537824,72.81848209
Khyber Pakhtunkhwa,PK5,Upper Dir,PK535,Barawal,PK53501,35.12712542,71.70864645
Khyber Pakhtunkhwa,PK5,Upper Dir,PK535,Dir,PK53502,35.22758562,71.8186269
Khyber Pakhtunkhwa,PK5,Upper Dir,PK535,Kalkot,PK53503,35.48858402,72.23193582
Khyber Pakhtunkhwa,PK5,Upper Dir,PK535,Khall,PK53504,34.90610118,72.01022569
Khyber Pakhtunkhwa,PK5,Upper Dir,PK535,Shrengal,PK53505,35.40176417,71.94567749
Khyber Pakhtunkhwa,PK5,Upper Dir,PK535,Wari,PK53506,35.00193687,72.04272309
Khyber Pakhtunkhwa,PK5,Upper Dir,PK535,Larjam,PK53507,35.14566332,72.14777213
Punjab,PK6,Attock,PK601,Attock,PK60101,33.7404995,72.29409875
Punjab,PK6,Attock,PK601,Fateh Jang,PK60102,33.50636499,72.67805897
Punjab,PK6,Attock,PK601,Hasan Abdal,PK60103,33.83178247,72.6480604
Punjab,PK6,Attock,PK601,Hazro,PK60104,33.90216827,72.43198119
Punjab,PK6,Attock,PK601,Jand,PK60105,33.35922432,71.94627231
Punjab,PK6,Attock,PK601,Pindi Gheb,PK60106,33.30522862,72.3126351
Punjab,PK6,Bahawalnagar,PK602,Bahawalnagar,PK60201,29.79906503,73.19694888
Punjab,PK6,Bahawalnagar,PK602,Chishtian,PK60202,29.64077626,72.8659653
Punjab,PK6,Bahawalnagar,PK602,Fort Abbas,PK60203,29.07173095,72.66923669
Punjab,PK6,Bahawalnagar,PK602,Haroonabad,PK60204,29.46531023,73.02932886
Punjab,PK6,Bahawalnagar,PK602,Minchinabad,PK60205,30.12441638,73.62108169
Punjab,PK6,Bahawalpur,PK603,Ahmadpur East,PK60301,29.28073959,71.16242613
Punjab,PK6,Bahawalpur,PK603,Bahawalpur,PK60302,29.33473712,71.57277017
Punjab,PK6,Bahawalpur,PK603,Hasilpur,PK60303,29.63428102,72.53078052
Punjab,PK6,Bahawalpur,PK603,Khairpur Tamewali,PK60304,29.61064285,72.25688773
Punjab,PK6,Bahawalpur,PK603,Yazman,PK60305,28.70746772,71.66145865
Punjab,PK6,Bhakkar,PK604,Bhakkar,PK60401,31.56908715,71.14518101
Punjab,PK6,Bhakkar,PK604,Darya Khan,PK60402,31.81121777,71.33144623
Punjab,PK6,Bhakkar,PK604,Kalur Kot,PK60403,32.06185282,71.43370701
Punjab,PK6,Bhakkar,PK604,Mankera,PK60404,31.484567,71.65964172
Punjab,PK6,Chakwal,PK605,Chakwal,PK60501,32.99233378,72.85707414
Punjab,PK6,Chakwal,PK605,Choa Saidan Shah,PK60502,32.73259111,72.99841284
Punjab,PK6,Chakwal,PK605,Kallar Kahar,PK60503,32.76033651,72.67379079
Punjab,PK6,Chakwal,PK605,Tala Gang,PK60504,32.84887131,72.22528811
Punjab,PK6,Chiniot,PK606,Bhawana,PK60601,31.53211744,72.67798888
Punjab,PK6,Chiniot,PK606,Chiniot,PK60602,31.7007076,72.99648946
Punjab,PK6,Chiniot,PK606,Lalian,PK60603,31.7583897,72.76394687
Punjab,PK6,Dera Ghazi Khan,PK607,D.G Khan (Tribal Area),PK60701,30.46639878,70.2973353
Punjab,PK6,Dera Ghazi Khan,PK607,Dera Ghazi Khan,PK60702,30.19840753,70.66408795
Punjab,PK6,Dera Ghazi Khan,PK607,Kot Chatta,PK60703,29.84666762,70.52866861
Punjab,PK6,Dera Ghazi Khan,PK607,Taunsa,PK60704,30.90133194,70.61230169
Punjab,PK6,Faisalabad,PK608,Chak Jhumra,PK60801,31.64628986,73.23201384
Punjab,PK6,Faisalabad,PK608,Faisalabad City,PK60802,31.42969115,73.10264235
Punjab,PK6,Faisalabad,PK608,Faisalabad Sadar,PK60803,31.39105007,72.92705878
Punjab,PK6,Faisalabad,PK608,Jaranwala,PK60804,31.36439329,73.45283332
Punjab,PK6,Faisalabad,PK608,Summundri,PK60805,31.01958164,72.90669927
Punjab,PK6,Faisalabad,PK608,Tandlian Wala,PK60806,30.91279007,73.06322946
Punjab,PK6,Gujranwala,PK609,Gujranwala,PK60901,32.15237332,74.20217373
Punjab,PK6,Gujranwala,PK609,Kamoke,PK60902,31.99498216,74.38029346
Punjab,PK6,Gujranwala,PK609,Nowshera Virkan,PK60903,32.00069758,73.99434328
Punjab,PK6,Gujranwala,PK609,Wazirabad,PK60904,32.34759901,73.99587685
Punjab,PK6,Gujrat,PK610,Gujrat,PK61001,32.63719844,74.18339649
Punjab,PK6,Gujrat,PK610,Kharian,PK61002,32.73534467,73.82295376
Punjab,PK6,Gujrat,PK610,Sarai Alamgir,PK61003,32.8664151,73.75093649
Punjab,PK6,Hafizabad,PK611,Hafizabad,PK61101,32.10752021,73.62948314
Punjab,PK6,Hafizabad,PK611,Pindi Bhattian,PK61102,31.9733893,73.37748095
Punjab,PK6,Jhang,PK612,Ahmadpur Sial,PK61201,30.80835704,71.87377024
Punjab,PK6,Jhang,PK612,Jhang,PK61202,31.4074897,72.37774728
Punjab,PK6,Jhang,PK612,Shorkot,PK61203,30.89227053,72.14967225
Punjab,PK6,Jhang,PK612,Athara Hazari,PK61204,31.19686362,72.00538171
Punjab,PK6,Jhelum,PK613,Dina,PK61301,33.02620768,73.60712512
Punjab,PK6,Jhelum,PK613,Jhelum,PK61302,32.85514503,73.46342572
Punjab,PK6,Jhelum,PK613,Pind Dadan Khan,PK61303,32.59061788,72.96340321
Punjab,PK6,Jhelum,PK613,Sohawa,PK61304,32.99569955,73.31463086
Punjab,PK6,Kasur,PK614,Chunian,PK61401,30.88227917,74.05777354
Punjab,PK6,Kasur,PK614,Kasur,PK61402,31.06626669,74.38130023
Punjab,PK6,Kasur,PK614,Kot Radha Kishen,PK61403,31.16570693,74.19208421
Punjab,PK6,Kasur,PK614,Pattoki,PK61404,31.12101948,73.85306415
Punjab,PK6,Khanewal,PK615,Jahanian,PK61501,30.06074208,71.83964903
Punjab,PK6,Khanewal,PK615,Kabirwala,PK61502,30.49656722,71.86591125
Punjab,PK6,Khanewal,PK615,Khanewal,PK61503,30.28331229,72.00575624
Punjab,PK6,Khanewal,PK615,Mian Channu,PK61504,30.33301812,72.30626705
Punjab,PK6,Khushab,PK616,Khushab,PK61601,32.32935163,72.32730597
Punjab,PK6,Khushab,PK616,Naushera,PK61602,32.59379404,72.22062004
Punjab,PK6,Khushab,PK616,Noorpur,PK61603,31.8724709,71.96043167
Punjab,PK6,Khushab,PK616,Quaidabad,PK61604,32.31591511,71.96690905
Punjab,PK6,Lahore,PK617,Lahore Cantt,PK61701,31.50013561,74.45186512
Punjab,PK6,Lahore,PK617,Lahore City,PK61702,31.46500427,74.23264438
Punjab,PK6,Leiah,PK618,Choubara,PK61801,30.91084192,71.53993961
Punjab,PK6,Leiah,PK618,Karor Lal Esan,PK61802,31.21863859,71.03197648
Punjab,PK6,Leiah,PK618,Leiah,PK61803,30.87436476,71.03278609
Punjab,PK6,Lodhran,PK619,Dunyapur,PK61901,29.82970369,71.71900943
Punjab,PK6,Lodhran,PK619,Kahror Pacca,PK61902,29.63757054,71.91001509
Punjab,PK6,Lodhran,PK619,Lodhran,PK61903,29.59497869,71.56281342
Punjab,PK6,Mandi Bahauddin,PK620,Malakwal,PK62001,32.42984991,73.21034805
Punjab,PK6,Mandi Bahauddin,PK620,Mandi Bahauddin,PK62002,32.54717089,73.52283148
Punjab,PK6,Mandi Bahauddin,PK620,Phalia,PK62003,32.35788538,73.58467703
Punjab,PK6,Mianwali,PK621,Isakhel,PK62101,32.85030359,71.33030932
Punjab,PK6,Mianwali,PK621,Mianwali,PK62102,32.63430511,71.67272825
Punjab,PK6,Mianwali,PK621,Piplan,PK62103,32.3420289,71.43329533
Punjab,PK6,Multan,PK622,Jalalpur Pirwala,PK62201,29.57827353,71.19928742
Punjab,PK6,Multan,PK622,Multan City,PK62202,30.17787707,71.43442781
Punjab,PK6,Multan,PK622,Multan Saddar,PK62203,30.11416264,71.63478768
Punjab,PK6,Multan,PK622,Shujabad,PK62204,29.82506413,71.31322684
Punjab,PK6,Muzaffargarh,PK623,Alipur,PK62301,29.27820558,70.75694024
Punjab,PK6,Muzaffargarh,PK623,Jatoi,PK62302,29.59719874,70.87252577
Punjab,PK6,Muzaffargarh,PK623,Kot Addu,PK62303,30.43392629,71.14165949
Punjab,PK6,Muzaffargarh,PK623,Muzaffargarh,PK62304,30.15319936,71.16531105
Punjab,PK6,Nankana Sahib,PK624,Nankana Sahib,PK62401,31.31094439,73.8388503
Punjab,PK6,Nankana Sahib,PK624,Sangla Hill,PK62402,31.70231276,73.41688761
Punjab,PK6,Nankana Sahib,PK624,Shah Kot,PK62403,31.59770618,73.56725284
Punjab,PK6,Narowal,PK625,Narowal,PK62501,32.07877565,74.80924691
Punjab,PK6,Narowal,PK625,Shakargarh,PK62502,32.21712599,75.1716747
Punjab,PK6,Narowal,PK625,Zafarwal,PK62503,32.3248663,74.95576601
Punjab,PK6,Okara,PK626,Depalpur,PK62601,30.57430484,73.78452263
Punjab,PK6,Okara,PK626,Okara,PK62602,30.80254742,73.410364
Punjab,PK6,Okara,PK626,Renala Khurd,PK62603,30.94933975,73.66371958
Punjab,PK6,Pakpattan,PK627,Arif Wala,PK62701,30.22426653,73.08273473
Punjab,PK6,Pakpattan,PK627,Pakpattan,PK62702,30.34344583,73.44512497
Punjab,PK6,Rahim Yar Khan,PK628,Khanpur,PK62801,28.68562292,70.65872729
Punjab,PK6,Rahim Yar Khan,PK628,Liaqatpur,PK62802,28.48518373,70.83566794
Punjab,PK6,Rahim Yar Khan,PK628,Rahim Yar Khan,PK62803,28.48794858,70.33787581
Punjab,PK6,Rahim Yar Khan,PK628,Sadiqabad,PK62804,28.25487778,70.0273988
Punjab,PK6,Rajanpur,PK629,Jampur,PK62901,29.55573028,70.37635535
Punjab,PK6,Rajanpur,PK629,Rajanpur,PK62902,29.13433089,70.24670137
Punjab,PK6,Rajanpur,PK629,Rajanpur (Tribal Area),PK62903,29.1593229,69.82694883
Punjab,PK6,Rajanpur,PK629,Rojhan,PK62904,28.77783406,70.03576805
Punjab,PK6,Rawalpindi,PK630,Gujar Khan,PK63001,33.248835,73.27836972
Punjab,PK6,Rawalpindi,PK630,Kahuta,PK63002,33.60741425,73.44812933
Punjab,PK6,Rawalpindi,PK630,Kallar Sayaddan,PK63003,33.4378794,73.42743922
Punjab,PK6,Rawalpindi,PK630,Kotli Sattian,PK63004,33.81573992,73.52220694
Punjab,PK6,Rawalpindi,PK630,Murree,PK63005,33.87136562,73.410509
Punjab,PK6,Rawalpindi,PK630,Rawalpindi,PK63006,33.40541791,72.97904641
Punjab,PK6,Rawalpindi,PK630,Taxila,PK63007,33.73144391,72.82377937
Punjab,PK6,Sahiwal,PK631,Chichawatni,PK63101,30.42937472,72.68694125
Punjab,PK6,Sahiwal,PK631,Sahiwal,PK63102,30.67018021,73.10994107
Punjab,PK6,Sargodha,PK632,Bhalwal,PK63201,32.27596931,72.92859778
Punjab,PK6,Sargodha,PK632,Kot Momin,PK63202,32.0962413,73.10994721
Punjab,PK6,Sargodha,PK632,Sahiwal,PK63203,31.88310328,72.39593611
Punjab,PK6,Sargodha,PK632,Sargodha,PK63204,32.05424719,72.72864499
Punjab,PK6,Sargodha,PK632,Shahpur,PK63205,32.19962943,72.47920885
Punjab,PK6,Sargodha,PK632,Sillanwali,PK63206,31.76737243,72.52014543
Punjab,PK6,Sargodha,PK632,Bhera,PK63207,32.41209244,72.76429876
Punjab,PK6,Sheikhupura,PK633,Ferozewala,PK63301,31.70531827,74.28236649
Punjab,PK6,Sheikhupura,PK633,Muridke,PK63302,31.90186642,74.51873405
Punjab,PK6,Sheikhupura,PK633,Safdarabad,PK63303,31.75168463,73.61411298
Punjab,PK6,Sheikhupura,PK633,Sharak Pur,PK63304,31.49914265,74.06538124
Punjab,PK6,Sheikhupura,PK633,Sheikhupura,PK63305,31.73697542,73.93551851
Punjab,PK6,Sialkot,PK634,Daska,PK63401,32.26564805,74.39214195
Punjab,PK6,Sialkot,PK634,Pasrur,PK63402,32.27038333,74.65002355
Punjab,PK6,Sialkot,PK634,Sambrial,PK63403,32.49807373,74.3194897
Punjab,PK6,Sialkot,PK634,Sialkot,PK63404,32.59539827,74.52161195
Punjab,PK6,Toba Tek Singh,PK635,Gojra,PK63501,31.14454895,72.62914007
Punjab,PK6,Toba Tek Singh,PK635,Kamalia,PK63502,30.66373054,72.64994191
Punjab,PK6,Toba Tek Singh,PK635,Toba Tek Singh,PK63503,30.94159403,72.55095922
Punjab,PK6,Toba Tek Singh,PK635,Pir Mahal,PK63504,30.7349061,72.44828127
Punjab,PK6,Vehari,PK636,Burewala,PK63601,30.1311815,72.75898407
Punjab,PK6,Vehari,PK636,Mailsi,PK63602,29.84250579,72.12887289
Punjab,PK6,Vehari,PK636,Vehari,PK63603,30.0131552,72.36306277
Sindh,PK7,Badin,PK701,Badin,PK70101,24.48766082,68.90285553
Sindh,PK7,Badin,PK701,Matli,PK70102,25.13087496,68.81250651
Sindh,PK7,Badin,PK701,Shaheed Fazil Rahu,PK70103,24.64122157,68.55071426
Sindh,PK7,Badin,PK701,Talhar,PK70104,24.87705939,68.89372039
Sindh,PK7,Badin,PK701,Tando Bago,PK70105,24.77126648,69.11948766
Sindh,PK7,Central Karachi,PK702,Gulberg Town,PK70201,24.93281156,67.07207871
Sindh,PK7,Central Karachi,PK702,Liaqatabad Town,PK70202,24.90324168,67.04129737
Sindh,PK7,Central Karachi,PK702,New Karachi Town,PK70203,24.9834182,67.06979766
Sindh,PK7,Central Karachi,PK702,North Nazimabad Town,PK70204,24.93422815,67.03815024
Sindh,PK7,Dadu,PK703,Dadu,PK70301,26.79866641,67.77784032
Sindh,PK7,Dadu,PK703,Johi,PK70302,26.53307631,67.39305988
Sindh,PK7,Dadu,PK703,Khairpur Nathan Shah,PK70303,27.14613727,67.42655718
Sindh,PK7,Dadu,PK703,Mehar,PK70304,27.18983015,67.78258401
Sindh,PK7,East Karachi,PK704,Gulshan Iqbal Town,PK70401,24.94950324,67.14122777
Sindh,PK7,East Karachi,PK704,Jamshaid Town,PK70402,24.8997817,67.09946624
Sindh,PK7,Ghotki,PK705,Daharki,PK70501,27.79189603,69.84185342
Sindh,PK7,Ghotki,PK705,Ghotki,PK70502,28.02051734,69.34846342
Sindh,PK7,Ghotki,PK705,Khangarh,PK70503,27.62616498,69.35633424
Sindh,PK7,Ghotki,PK705,Mirpur Mathelo,PK70504,27.8471394,69.45442194
Sindh,PK7,Ghotki,PK705,Ubauro,PK70505,28.21412945,69.68814619
Sindh,PK7,Hyderabad,PK706,Hyderabad,PK70601,25.3549688,68.48458431
Sindh,PK7,Hyderabad,PK706,Hyderabad City,PK70602,25.3686535,68.35063421
Sindh,PK7,Hyderabad,PK706,Latifabad,PK70603,25.25875388,68.38590164
Sindh,PK7,Hyderabad,PK706,Qasimabad,PK70604,25.40641977,68.32070568
Sindh,PK7,Jacobabad,PK707,Garhi Khairo,PK70701,28.07134188,68.14234615
Sindh,PK7,Jacobabad,PK707,Jacobabad,PK70702,28.27150553,68.39784926
Sindh,PK7,Jacobabad,PK707,Thul,PK70703,28.25776518,68.67771926
Sindh,PK7,Jamshoro,PK708,Kotri,PK70801,25.49611261,68.10809206
Sindh,PK7,Jamshoro,PK708,Manjhand,PK70802,25.96596199,68.079224
Sindh,PK7,Jamshoro,PK708,Sehwan Sharif,PK70803,26.24179786,67.67621242
Sindh,PK7,Jamshoro,PK708,Thano Bula Khan,PK70804,25.54101416,67.64001294
Sindh,PK7,Kambar Shahdad Kot,PK709,Meero Khan,PK70901,27.75862839,67.92756249
Sindh,PK7,Kambar Shahdad Kot,PK709,Nasir Abad,PK70902,27.43698224,67.9818449
Sindh,PK7,Kambar Shahdad Kot,PK709,Qambar Ali Khan,PK70903,27.55778517,67.61120747
Sindh,PK7,Kambar Shahdad Kot,PK709,Qubo Saeed Khan,PK70904,27.80570336,67.56549434
Sindh,PK7,Kambar Shahdad Kot,PK709,Shahdad Kot,PK70905,27.88114611,67.93275363
Sindh,PK7,Kambar Shahdad Kot,PK709,Sijawal Junejo,PK70906,27.80491111,68.12904202
Sindh,PK7,Kambar Shahdad Kot,PK709,Warah,PK70907,27.42654928,67.73660442
Sindh,PK7,Kashmore,PK710,Kandh Kot,PK71001,28.19133581,69.20965265
Sindh,PK7,Kashmore,PK710,Kashmore,PK71002,28.29161773,69.41575388
Sindh,PK7,Kashmore,PK710,Tangwani,PK71003,28.26260498,68.98312093
Sindh,PK7,Khairpur,PK711,Faiz Ganj,PK71101,26.77720946,68.4632481
Sindh,PK7,Khairpur,PK711,Gambat,PK71102,27.44343642,68.39654901
Sindh,PK7,Khairpur,PK711,Khairpur,PK71103,27.50828032,68.70424885
Sindh,PK7,Khairpur,PK711,Kingri,PK71104,27.59958836,68.60278837
Sindh,PK7,Khairpur,PK711,Kot Diji,PK71105,27.32104155,68.62374075
Sindh,PK7,Khairpur,PK711,Nara,PK71106,26.7855593,69.04996884
Sindh,PK7,Khairpur,PK711,Sobho Dero,PK71107,27.24758925,68.33786273
Sindh,PK7,Khairpur,PK711,Thari Meer Wah,PK71108,27.08866211,68.54504722
Sindh,PK7,Korangi Karachi,PK712,Korangi Town,PK71201,24.82451384,67.12424659
Sindh,PK7,Korangi Karachi,PK712,Landhi Town,PK71202,24.84076655,67.18492984
Sindh,PK7,Korangi Karachi,PK712,Shah Faisal Town,PK71203,24.8723982,67.16208289
Sindh,PK7,Larkana,PK713,Baqrani,PK71301,27.41558352,68.15668229
Sindh,PK7,Larkana,PK713,Dokri,PK71302,27.26270865,68.07822761
Sindh,PK7,Larkana,PK713,Larkana,PK71303,27.58295038,68.21580558
Sindh,PK7,Larkana,PK713,Rato Dero,PK71304,27.77052178,68.25889438
Sindh,PK7,Malir Karachi,PK714,Bin Qasim Town,PK71401,24.8783132,67.39256944
Sindh,PK7,Malir Karachi,PK714,Gadap Town,PK71402,25.25951045,67.20499731
Sindh,PK7,Malir Karachi,PK714,Malir Town,PK71403,24.88465749,67.19790101
Sindh,PK7,Matiari,PK715,Hala,PK71501,25.82894864,68.38932217
Sindh,PK7,Matiari,PK715,Matiari,PK71502,25.63923958,68.52797719
Sindh,PK7,Matiari,PK715,Saeedabad,PK71503,25.99166578,68.3863986
Sindh,PK7,Mirpur Khas,PK716,Digri,PK71601,25.13500212,69.0911803
Sindh,PK7,Mirpur Khas,PK716,Hussain Bux Muree,PK71602,25.62581411,68.98408607
Sindh,PK7,Mirpur Khas,PK716,Jhudo,PK71603,24.96647179,69.37932125
Sindh,PK7,Mirpur Khas,PK716,Kot Ghulam Muhammad,PK71604,25.26884144,69.21917336
Sindh,PK7,Mirpur Khas,PK716,Mirpur Khas,PK71605,25.49715115,68.96835908
Sindh,PK7,Mirpur Khas,PK716,Shuja Abad,PK71606,25.43543961,69.07972087
Sindh,PK7,Mirpur Khas,PK716,Sindhri,PK71607,25.65436608,69.17380561
Sindh,PK7,Naushahro Feroze,PK717,Bhiria,PK71701,26.89085871,68.20184899
Sindh,PK7,Naushahro Feroze,PK717,Kandiaro,PK71702,27.07301132,68.12082557
Sindh,PK7,Naushahro Feroze,PK717,Mehrab Pur,PK71703,27.05098014,68.36764073
Sindh,PK7,Naushahro Feroze,PK717,Moro,PK71704,26.72107683,67.96175166
Sindh,PK7,Naushahro Feroze,PK717,Naushahro Feroze,PK71705,26.76607421,68.15970945
Sindh,PK7,Sanghar,PK718,Jam Nawaz Ali,PK71801,25.80600922,68.86895482
Sindh,PK7,Sanghar,PK718,Khipro,PK71802,25.86150321,69.68137368
Sindh,PK7,Sanghar,PK718,Sanghar,PK71803,26.11165182,69.10303906
Sindh,PK7,Sanghar,PK718,Shahdadpur,PK71804,26.02958026,68.60780133
Sindh,PK7,Sanghar,PK718,Sinjhoro,PK71805,26.07573249,68.81149639
Sindh,PK7,Sanghar,PK718,Tando Adam,PK71806,25.82690454,68.6308353
Sindh,PK7,Shaheed Benazir Abad,PK719,Daulat Pur,PK71901,26.43069353,68.02992087
Sindh,PK7,Shaheed Benazir Abad,PK719,Daur,PK71902,26.39516563,68.49548059
Sindh,PK7,Shaheed Benazir Abad,PK719,Nawabshah,PK71903,26.2741975,68.3544565
Sindh,PK7,Shaheed Benazir Abad,PK719,Sakrand,PK71904,26.13517789,68.24431106
Sindh,PK7,Shikarpur,PK720,Garhi Yasin,PK72001,27.85727367,68.4695637
Sindh,PK7,Shikarpur,PK720,Khanpur,PK72002,28.02526821,68.84063901
Sindh,PK7,Shikarpur,PK720,Lakhi,PK72003,27.87882682,68.74274565
Sindh,PK7,Shikarpur,PK720,Shikarpur,PK72004,28.03202762,68.47211911
Sindh,PK7,South Karachi,PK721,Kemari Town,PK72101,24.91142632,66.83161423
Sindh,PK7,South Karachi,PK721,Liyari Town,PK72102,24.84709469,66.99056361
Sindh,PK7,South Karachi,PK721,Saddar Town,PK72103,24.8130148,67.04151768
Sindh,PK7,Sujawal,PK722,Jati,PK72201,24.29146776,68.42773952
Sindh,PK7,Sujawal,PK722,Kharo Chan,PK72202,23.98874497,67.5879028
Sindh,PK7,Sujawal,PK722,Mirpur Bathoro,PK72203,24.79588224,68.23863875
Sindh,PK7,Sujawal,PK722,Shah Bunder,PK72204,24.10689781,67.9397321
Sindh,PK7,Sujawal,PK722,Sujawal,PK72205,24.65050906,68.07835463
Sindh,PK7,Sukkur,PK723,New Sukkur,PK72301,27.79946215,68.85222159
Sindh,PK7,Sukkur,PK723,Pano Aqil,PK72302,27.83606886,69.05414524
Sindh,PK7,Sukkur,PK723,Rohri,PK72303,27.58816025,69.01047433
Sindh,PK7,Sukkur,PK723,Salehpat,PK72304,27.34360282,69.29282256
Sindh,PK7,Sukkur,PK723,Sukkur,PK72305,27.71290719,68.82837578
Sindh,PK7,Tando Allahyar,PK724,Chamber,PK72401,25.31735537,68.82757487
Sindh,PK7,Tando Allahyar,PK724,Jhando Mari,PK72402,25.57841841,68.78774007
Sindh,PK7,Tando Allahyar,PK724,Tando Allahyar,PK72403,25.44779541,68.71193031
Sindh,PK7,Tando Muhammad Khan,PK725,Bulri Shah Karim,PK72501,24.98797946,68.37942459
Sindh,PK7,Tando Muhammad Khan,PK725,Tando Ghulam Hyder,PK72502,24.95615475,68.63871114
Sindh,PK7,Tando Muhammad Khan,PK725,Tando Muhammad Khan,PK72503,25.12563575,68.56169556
Sindh,PK7,Tharparkar,PK726,Chachro,PK72601,25.10155379,70.39394715
Sindh,PK7,Tharparkar,PK726,Dahli,PK72602,25.44685726,70.45191999
Sindh,PK7,Tharparkar,PK726,Diplo,PK72603,24.41064822,69.46940973
Sindh,PK7,Tharparkar,PK726,Islam Kot,PK72604,24.53923217,70.3391872
Sindh,PK7,Tharparkar,PK726,Mithi,PK72605,24.79140617,69.80644213
Sindh,PK7,Tharparkar,PK726,Nagar Parkar,PK72606,24.64322054,70.78453622
Sindh,PK7,Tharparkar,PK726,Kaloi,PK72607,24.66587793,69.44789531
Sindh,PK7,Thatta,PK727,Ghorabari,PK72701,24.37376233,67.69364955
Sindh,PK7,Thatta,PK727,Keti Bunder,PK72702,24.13569299,67.4496756
Sindh,PK7,Thatta,PK727,Mirpur Sakro,PK72703,24.58687687,67.6327106
Sindh,PK7,Thatta,PK727,Thatta,PK72704,25.00347218,67.9845318
Sindh,PK7,Umer Kot,PK728,Kunri,PK72801,25.05181249,69.56829003
Sindh,PK7,Umer Kot,PK728,Pithoro,PK72802,25.48781502,69.36039769
Sindh,PK7,Umer Kot,PK728,Samaro,PK72803,25.29897679,69.45697088
Sindh,PK7,Umer Kot,PK728,Umer Kot,PK72804,25.46359732,69.88366862
Sindh,PK7,West Karachi,PK729,Baldia Town,PK72901,24.92214,66.95494657
Sindh,PK7,West Karachi,PK729,Orangi Town,PK72902,25.00499372,66.99994131
Sindh,PK7,West Karachi,PK729,Site Town,PK72903,24.91850971,67.00439587
